"KUNNR","NAME1","ORT01","LAND1","REGIO","PSTLZ","STRAS","TELF1","KTOK","RECORD_SOURCE","LOAD_DATE"
"0001000001","Acme GmbH","Berlin","DE","16","10115","Unter den Linden 1","+49301234567","KUND","SAP","2025-01-01 00:00:00"
"0001000002","Global Traders Ltd","London","GB","ENG","EC2A4JE","Old Street 123","+442079876543","KUND","SAP","2025-01-01 00:00:00"
"0001000003","TechCorp Inc.","New York","US","NY","10001","5th Avenue 742","+12125551234","KUND","SAP","2025-01-01 00:00:00"
"0001000004","Sakura Trading Co.","Tokyo","JP","13","100-0001","Marunouchi 2-4-1","+81312345678","KUND","SAP","2025-01-01 00:00:00"
"0001000005","Paris Luxury SARL","Paris","FR","75","75008","Champs-?lys?es 86","+33123456789","KUND","SAP","2025-01-01 00:00:00"
"0001000006","Nordic Supplies AB","Stockholm","SE","AB","11120","Kungsgatan 30","+4689876543","KUND","SAP","2025-01-01 00:00:00"
"0001000007","Australian Imports Pty","Sydney","AU","NSW","2000","George St 500","+61298765432","KUND","SAP","2025-01-01 00:00:00"
"0001000008","Brasil Distribuidora Ltda","S?o Paulo","BR","SP","01000-000","Av. Paulista 1000","+5511987654321","KUND","SAP","2025-01-01 00:00:00"
"0001000009","Swiss Precision AG","Zurich","CH","ZH","8001","Bahnhofstrasse 10","+41441234567","KUND","SAP","2025-01-01 00:00:00"
"0001000010","Canadian Wholesalers","Ottawa","CA","ON","K1P1J1","Elgin Street 200","+16135551234","KUND","SAP","2025-01-01 00:00:00"
"0001000011","Madrid Electronics S.A.","Madrid","ES","MD","28001","Gran V?a 28","+34911234567","KUND","SAP","2025-01-01 00:00:00"
"0001000012","Dubai Trading LLC","Dubai","AE","DU","00000","Sheikh Zayed Rd","+97143334444","KUND","SAP","2025-01-01 00:00:00"
"0001000013","Singapore Distributors","Singapore","SG","01","018956","Orchard Road 1","+6561234567","KUND","SAP","2025-01-01 00:00:00"
"0001000014","Mexico Industrial S.A. de C.V.","Mexico City","MX","DF","06500","Reforma 222","+525512345678","KUND","SAP","2025-01-01 00:00:00"
"0001000015","Munich Motors GmbH","Munich","DE","BY","80331","Marienplatz 8","+49891234567","KUND","SAP","2025-01-01 00:00:00"
"0001000016","Hamburg Handel AG","Hamburg","DE","HH","20095","M?nckebergstra?e 10","+49401234567","KUND","SAP","2025-01-01 00:00:00"
"0001000017","Frankfurt Finance AG","Frankfurt","DE","HE","60311","Zeil 100","+49691234567","KUND","SAP","2025-01-01 00:00:00"
"0001000018","Stuttgart Systems GmbH","Stuttgart","DE","BW","70173","K?nigstra?e 1","+497111234567","KUND","SAP","2025-01-01 00:00:00"
"0001000019","Cologne Commerce KG","K?ln","DE","NW","50667","Schildergasse 80","+492211234567","KUND","SAP","2025-01-01 00:00:00"
"0001000020","Amsterdam Trading B.V.","Amsterdam","NL","NH","1012JS","Damrak 1","+31201234567","KUND","SAP","2025-01-01 00:00:00"
"0001000021","Brussels Business SPRL","Brussels","BE","BRU","1000","Rue Neuve 10","+3221234567","KUND","SAP","2025-01-01 00:00:00"
"0001000022","Vienna Wholesale GesmbH","Vienna","AT","9","1010","K?rntner Stra?e 1","+4312345678","KUND","SAP","2025-01-01 00:00:00"
"0001000023","Oslo Enterprises AS","Oslo","NO","03","0155","Karl Johans gate 1","+4722345678","KUND","SAP","2025-01-01 00:00:00"
"0001000024","Warsaw Distributors Sp. z o.o.","Warsaw","PL","MZ","00-001","Nowy ?wiat 1","+48221234567","KUND","SAP","2025-01-01 00:00:00"
"0001000025","Prague Partners s.r.o.","Prague","CZ","PR","11000","V?clavsk? n?m?st? 1","+420123456789","KUND","SAP","2025-01-01 00:00:00"
"0001000026","Budapest Commerce Kft.","Budapest","HU","BU","1051","V?r?smarty t?r 1","+3612345678","KUND","SAP","2025-01-01 00:00:00"
"0001000027","Athens Trade SA","Athens","GR","AT","10563","Syntagma Square 5","+302101234567","KUND","SAP","2025-01-01 00:00:00"
"0001000028","Lisbon Imports Lda","Lisbon","PT","11","1100-148","Pra?a do Com?rcio 1","+351211234567","KUND","SAP","2025-01-01 00:00:00"
"0001000029","Copenhagen Traders ApS","Copenhagen","DK","84","1050","Str?get 15","+4533123456","KUND","SAP","2025-01-01 00:00:00"
"0001000030","Helsinki Supply Oy","Helsinki","FI","18","00100","Aleksanterinkatu 20","+358912345678","KUND","SAP","2025-01-01 00:00:00"
"0001000031","Dublin Trading Ltd","Dublin","IE","D","D02X285","Grafton Street 50","+35318901234","KUND","SAP","2025-01-01 00:00:00"
"0001000032","Milan Fashion SRL","Milan","IT","MI","20121","Via Montenapoleone 8","+390212345678","KUND","SAP","2025-01-01 00:00:00"
"0001000033","Barcelona Systems SL","Barcelona","ES","B","08002","Passeig de Gr?cia 100","+34931234567","KUND","SAP","2025-01-01 00:00:00"
"0001000034","Lyon Distribution SARL","Lyon","FR","69","69002","Rue de la R?publique 50","+33478123456","KUND","SAP","2025-01-01 00:00:00"
"0001000035","Toronto Supply Co","Toronto","CA","ON","M5H2N2","Bay Street 200","+14165551234","KUND","SAP","2025-01-01 00:00:00"
"0001000036","Vancouver Traders Ltd","Vancouver","CA","BC","V6C3A1","Granville Street 500","+16045551234","KUND","SAP","2025-01-01 00:00:00"
"0001000037","Los Angeles Distribution Inc.","Los Angeles","US","CA","90012","Broadway 500","+13235551234","KUND","SAP","2025-01-01 00:00:00"
"0001000038","Chicago Wholesalers LLC","Chicago","US","IL","60601","State Street 100","+13125551234","KUND","SAP","2025-01-01 00:00:00"
"0001000039","Houston Supply Corp.","Houston","US","TX","77002","Main Street 1000","+17135551234","KUND","SAP","2025-01-01 00:00:00"
"0001000040","Miami Imports Inc.","Miami","US","FL","33131","Biscayne Blvd 200","+13055551234","KUND","SAP","2025-01-01 00:00:00"
"0001000041","Seattle Trading Co.","Seattle","US","WA","98101","Pine Street 400","+12065551234","KUND","SAP","2025-01-01 00:00:00"
"0001000042","Boston Commerce LLC","Boston","US","MA","02108","Washington Street 1","+16175551234","KUND","SAP","2025-01-01 00:00:00"
"0001000043","Melbourne Distributors Pty","Melbourne","AU","VIC","3000","Collins Street 200","+61398765432","KUND","SAP","2025-01-01 00:00:00"
"0001000044","Auckland Supply Ltd","Auckland","NZ","AUK","1010","Queen Street 100","+6493001234","KUND","SAP","2025-01-01 00:00:00"
"0001000045","Shanghai Trading Co Ltd","Shanghai","CN","31","200000","Nanjing Road 500","+862112345678","KUND","SAP","2025-01-01 00:00:00"
"0001000046","Seoul Commerce Co Ltd","Seoul","KR","11","04524","Gangnam-daero 100","+82212345678","KUND","SAP","2025-01-01 00:00:00"
"0001000047","Hong Kong Traders Ltd","Hong Kong","HK","HK","00000","Central Road 88","+85221234567","KUND","SAP","2025-01-01 00:00:00"
"0001000048","Bangkok Distributors Co","Bangkok","TH","10","10110","Sukhumvit Road 1","+6621234567","KUND","SAP","2025-01-01 00:00:00"
"0001000049","Kuala Lumpur Supply Sdn Bhd","Kuala Lumpur","MY","14","50050","Jalan Bukit Bintang 1","+60321234567","KUND","SAP","2025-01-01 00:00:00"
"0001000050","Manila Trading Corp","Manila","PH","00","1000","Ayala Avenue 100","+6328901234","KUND","SAP","2025-01-01 00:00:00"
"0001000051","Taipei Electronics Co Ltd","Taipei","TW","TPE","10491","Xinyi Road 100","+88622345678","KUND","SAP","2025-01-01 00:00:00"
"0001000052","Jakarta Supply PT","Jakarta","ID","JK","10110","Sudirman Avenue 1","+622112345678","KUND","SAP","2025-01-01 00:00:00"
"0001000053","Mumbai Traders Pvt Ltd","Mumbai","IN","MH","400001","Marine Drive 50","+912212345678","KUND","SAP","2025-01-01 00:00:00"
"0001000054","Bangalore Tech Solutions","Bangalore","IN","KA","560001","MG Road 200","+918012345678","KUND","SAP","2025-01-01 00:00:00"
"0001000055","Delhi Commerce Pvt Ltd","New Delhi","IN","DL","110001","Connaught Place 1","+911112345678","KUND","SAP","2025-01-01 00:00:00"
"0001000056","Riyadh Trading Est","Riyadh","SA","01","11564","King Fahd Road","+966112345678","KUND","SAP","2025-01-01 00:00:00"
"0001000057","Tel Aviv Imports Ltd","Tel Aviv","IL","TA","61231","Rothschild Blvd 10","+97232345678","KUND","SAP","2025-01-01 00:00:00"
"0001000058","Istanbul Ticaret AS","Istanbul","TR","34","34340","Istiklal Caddesi 100","+902122345678","KUND","SAP","2025-01-01 00:00:00"
"0001000059","Cairo Distributors SAE","Cairo","EG","C","11511","Tahrir Square 1","+20222345678","KUND","SAP","2025-01-01 00:00:00"
"0001000060","Johannesburg Supply Pty","Johannesburg","ZA","GP","2001","Sandton Drive 100","+27112345678","KUND","SAP","2025-01-01 00:00:00"
"0001000061","Cape Town Traders Ltd","Cape Town","ZA","WC","8001","Long Street 50","+27212345678","KUND","SAP","2025-01-01 00:00:00"
"0001000062","Lagos Commerce Ltd","Lagos","NG","LA","101241","Victoria Island 1","+23412345678","KUND","SAP","2025-01-01 00:00:00"
"0001000063","Nairobi Distributors Ltd","Nairobi","KE","30","00100","Kenyatta Avenue 10","+25420123456","KUND","SAP","2025-01-01 00:00:00"
"0001000064","Buenos Aires Trading SA","Buenos Aires","AR","C","C1002","Florida Street 500","+541112345678","KUND","SAP","2025-01-01 00:00:00"
"0001000065","Santiago Importadores SA","Santiago","CL","RM","8320000","Ahumada 100","+56222345678","KUND","SAP","2025-01-01 00:00:00"
"0001000066","Lima Comercial SAC","Lima","PE","LIM","15001","Jir?n de la Uni?n 500","+5112345678","KUND","SAP","2025-01-01 00:00:00"
"0001000067","Bogota Distribuidores SAS","Bogota","CO","DC","110111","Carrera 7 100","+5712345678","KUND","SAP","2025-01-01 00:00:00"
"0001000068","Caracas Trading CA","Caracas","VE","DC","1010","Sabana Grande 1","+582122345678","KUND","SAP","2025-01-01 00:00:00"
"0001000069","Rio de Janeiro Ltda","Rio de Janeiro","BR","RJ","20000-000","Av. Atl?ntica 500","+552121234567","KUND","SAP","2025-01-01 00:00:00"
"0001000070","Montreal Supply Inc","Montreal","CA","QC","H2Y1C6","Rue Sainte-Catherine 1000","+15145551234","KUND","SAP","2025-01-01 00:00:00"
"0001000071","Dallas Distributors LLC","Dallas","US","TX","75201","Main Street 500","+12145551234","KUND","SAP","2025-01-01 00:00:00"
"0001000072","San Francisco Trading Co","San Francisco","US","CA","94102","Market Street 1","+14155551234","KUND","SAP","2025-01-01 00:00:00"
"0001000073","Denver Supply Corp","Denver","US","CO","80202","16th Street 500","+13035551234","KUND","SAP","2025-01-01 00:00:00"
"0001000074","Atlanta Commerce LLC","Atlanta","US","GA","30303","Peachtree Street 100","+14045551234","KUND","SAP","2025-01-01 00:00:00"
"0001000075","Phoenix Wholesalers Inc","Phoenix","US","AZ","85003","Washington Street 200","+16025551234","KUND","SAP","2025-01-01 00:00:00"
"0001000076","Philadelphia Trading Co","Philadelphia","US","PA","19102","Market Street 500","+12155551234","KUND","SAP","2025-01-01 00:00:00"
"0001000077","San Diego Imports LLC","San Diego","US","CA","92101","Broadway 1000","+16195551234","KUND","SAP","2025-01-01 00:00:00"
"0001000078","Minneapolis Supply Co","Minneapolis","US","MN","55401","Nicollet Mall 100","+16125551234","KUND","SAP","2025-01-01 00:00:00"
"0001000079","Detroit Distributors Inc","Detroit","US","MI","48226","Woodward Avenue 1","+13135551234","KUND","SAP","2025-01-01 00:00:00"
"0001000080","Las Vegas Trading LLC","Las Vegas","US","NV","89101","Las Vegas Blvd 100","+17025551234","KUND","SAP","2025-01-01 00:00:00"
"0001000081","Portland Commerce Co","Portland","US","OR","97204","Burnside Street 500","+15035551234","KUND","SAP","2025-01-01 00:00:00"
"0001000082","Nashville Supply LLC","Nashville","US","TN","37201","Broadway 100","+16155551234","KUND","SAP","2025-01-01 00:00:00"
"0001000083","Charlotte Wholesalers Inc","Charlotte","US","NC","28202","Tryon Street 100","+17045551234","KUND","SAP","2025-01-01 00:00:00"
"0001000084","Austin Trading Corp","Austin","US","TX","78701","Congress Avenue 500","+15125551234","KUND","SAP","2025-01-01 00:00:00"
"0001000085","Perth Distributors Pty","Perth","AU","WA","6000","St Georges Terrace 100","+61892345678","KUND","SAP","2025-01-01 00:00:00"
"0001000086","Brisbane Supply Ltd","Brisbane","AU","QLD","4000","Queen Street 200","+61732345678","KUND","SAP","2025-01-01 00:00:00"
"0001000087","Wellington Traders Ltd","Wellington","NZ","WGN","6011","Lambton Quay 100","+6444567890","KUND","SAP","2025-01-01 00:00:00"
"0001000088","Christchurch Commerce Ltd","Christchurch","NZ","CAN","8011","Colombo Street 50","+6433456789","KUND","SAP","2025-01-01 00:00:00"
"0001000089","Geneva Trading SA","Geneva","CH","GE","1201","Rue du Rh?ne 50","+41223456789","KUND","SAP","2025-01-01 00:00:00"
"0001000090","Basel Commerce AG","Basel","CH","BS","4001","Freie Strasse 25","+41612345678","KUND","SAP","2025-01-01 00:00:00"
"0001000091","Rotterdam Handel BV","Rotterdam","NL","ZH","3011EA","Coolsingel 100","+31102345678","KUND","SAP","2025-01-01 00:00:00"
"0001000092","Antwerp Trading NV","Antwerp","BE","VAN","2000","Meir 50","+3232345678","KUND","SAP","2025-01-01 00:00:00"
"0001000093","Luxembourg Distributors SA","Luxembourg","LU","LU","1470","Avenue de la Libert? 1","+352123456","KUND","SAP","2025-01-01 00:00:00"
"0001000094","Edinburgh Supply Ltd","Edinburgh","GB","SCT","EH11AA","Princes Street 100","+441312345678","KUND","SAP","2025-01-01 00:00:00"
"0001000095","Manchester Trading Co","Manchester","GB","ENG","M24BQ","Market Street 50","+441612345678","KUND","SAP","2025-01-01 00:00:00"
"0001000096","Birmingham Commerce Ltd","Birmingham","GB","ENG","B24AA","New Street 100","+441212345678","KUND","SAP","2025-01-01 00:00:00"
"0001000097","Glasgow Distributors Ltd","Glasgow","GB","SCT","G12NN","Buchanan Street 50","+441412345678","KUND","SAP","2025-01-01 00:00:00"
"0001000098","Marseille Distribution SARL","Marseille","FR","13","13001","La Canebi?re 100","+33491234567","KUND","SAP","2025-01-01 00:00:00"
"0001000099","Toulouse Commerce SAS","Toulouse","FR","31","31000","Rue Alsace-Lorraine 50","+33561234567","KUND","SAP","2025-01-01 00:00:00"
"0001000100","Nice Importateurs SARL","Nice","FR","06","06000","Promenade des Anglais 1","+33493234567","KUND","SAP","2025-01-01 00:00:00"
